{"cameraMode":{"drawMode":0,"name":"Shaded","section":"Shading Mode"},"sceneLighting":false,"audioPlay":false,"sceneViewState":{"showFog":true,"showMaterialUpdate":false,"showSkybox":false,"showFlares":true,"showImageEffects":true,"showParticleSystems":true},"in2DMode":false,"pivot":{"x":-31.327238082885743,"y":973.1508178710938,"z":-196.72064208984376},"rotation":{"x":0.02037700079381466,"y":-0.9795617461204529,"z":0.14984117448329926,"w":0.13320903480052949},"size":146.63218688964845,"orthographic":false}