{"cameraMode":{"drawMode":0,"name":"Shaded","section":"Shading Mode"},"sceneLighting":false,"audioPlay":false,"sceneViewState":{"showFog":true,"showMaterialUpdate":false,"showSkybox":false,"showFlares":true,"showImageEffects":true,"showParticleSystems":true},"in2DMode":false,"pivot":{"x":1.4901161193847657e-8,"y":0.24071642756462098,"z":-0.03789627552032471},"rotation":{"x":0.11734169721603394,"y":-0.6891186833381653,"z":0.11453104764223099,"w":0.7060467004776001},"size":0.37721097469329836,"orthographic":false}