{"cameraMode":{"drawMode":0,"name":"Shaded","section":"Shading Mode"},"sceneLighting":true,"audioPlay":false,"sceneViewState":{"showFog":true,"showMaterialUpdate":false,"showSkybox":true,"showFlares":true,"showImageEffects":true,"showParticleSystems":true},"in2DMode":false,"pivot":{"x":-6.864588260650635,"y":-0.37697285413742068,"z":-14.242934226989746},"rotation":{"x":-0.008999831043183804,"y":0.9705647826194763,"z":-0.03638940304517746,"w":-0.23827141523361207},"size":9.700518608093262,"orthographic":false}